shortcode,url,owner,caption,timestamp,comments,event,seed,relevant
DdoKWSmymL3,https://www.instagram.com/p/DdoKWSmymL3/,,"Karhutla tidak cukup dilihat hanya dari siapa yang menyalakan api atau siapa yang tertangkap di lokasi.

Dalam tulisan “Membaca Bencana sebagai Kejahatan Negara”, Nastiti S. Lestari, News Anchor Nusantara TV dan Dr. Kriminologi Universitas Indonesia, mengajak pembaca melihat karhutla dari perspektif yang lebih luas, termasuk bagaimana bencana yang terus berulang berkaitan dengan persoalan struktural dan tanggung jawab negara.

Ketika karhutla terus berulang, pertanyaannya bukan hanya siapa yang membakar, tetapi juga apa yang membuat persoalan ini terus terjadi.

Simak ulasan lengkap Nastiti S. Lestari, Kolumnis Kompas.com, melalui tautan di bio.
Menurutmu, apakah karhutla cukup dipahami sebagai kejahatan individual? 👇

#KolomKompas #Kompascom #Kolumnis #Karhutla #KebakaranHutan #Lingkungan",,,karhutla_kalimantan,True,True
DdprIHSn3bM,https://www.instagram.com/p/DdprIHSn3bM/,kompascom,"(Berita Selengkapnya Cek IGS @kompascom)

Kepala Badan Nasional Penanggulangan Bencana (BNPB) Suharyanto melaporkan kepada Presiden Prabowo Subianto bahwa kehidupan masyarakat di Kalimantan Barat dan Kalimantan Tengah berjalan normal meski terdampak asap kebakaran hutan dan lahan (karhutla).

Hal tersebut Suharyanto sampaikan melalui konferensi video bersama Presiden Prabowo di Istana Merdeka, Jakarta, Rabu (23/9/2026).

Suharyanto mengatakan, asap tebal itu belum teratasi karena pemerintah belum dapat melakukan operasi modifikasi cuaca (OMC) di kedua provinsi tersebut.

Adanya asap tebal tersebut membuat penerbangan tidak dapat dilakukan, baik untuk OMC maupun penerbangan komersil.

Suharyanto memperkirakan, karhutla akan berakhir paling cepat pada pertengahan Oktober 2026.

Penulis: Adhyasta Dirgantara
Editor: Ardito Ramadhan

~J #Karhutla #Lingkungan #Texvid

[2026092320314521]",,,karhutla_kalimantan,True,True
DdlS4YrT5Fn,https://www.instagram.com/p/DdlS4YrT5Fn/,,"(Berita selengkapnya cek IG Stories @kompascom)

Bupati Solok Jon Firman Pandu membantah adanya pembukaan lahan di bagian hulu sungai yang menjadi pusat banjir bandang di Kecamatan Gunung Talang, Kabupaten Solok, Sumatera Barat.

Jon mengatakan, kawasan hulu sungai selama ini terus diawasi karena lokasinya berhubungan langsung dengan kompleks pemerintahan. Ia memastikan banjir bandang yang terjadi tidak berkaitan dengan aktivitas pembukaan lahan.

“Ini memang murni bencana saja, jadi tidak ada sangkut pautnya,” tutur Jon Pandu.

Sementara itu, warga Kecamatan Gunung Talang menduga terdapat bendungan alami di bagian hulu sungai yang menampung air hingga meluap dan memicu banjir bandang.

Warga setempat, Yanuarli, mengaku pernah melihat bendungan alami tersebut saat pergi ke ladang. Menurutnya, bendungan itu berukuran cukup besar dan diduga menjadi salah satu penyebab meluapnya air.

Penulis: Rahmat Panji
Editor: Ihsanuddin

#Solok #BanjirBandang #SumateraBarat",,,lainnya,True,True
Ddi1s_BTxvt,https://www.instagram.com/p/Ddi1s_BTxvt/,kompascom,"Gubernur Sumatera Selatan (Sumsel) Herman Deru menanggapi tudingan terkait dugaan asap kebakaran hutan dan lahan (karhutla) dari wilayah Sumsel menyebar hingga ke provinsi tetangga, salah satunya Jambi.

“Saya pikir, susah saya menanggapinya. Kawan-kawan saya yang ngomong. Bagaimana menuduhnya asap dari Sumsel? Apa asap ada indentitasnya seperti (pelat kendaraan). Pelat kendaraan sekian, asapnya asapnya sekian,” ujar Deru saat diwawancarai di Kantor Gubernur Sumsel, Sabtu (19/9/2026).

Deru mengatakan, penanganan karhutla di Sumsel akan terus dimaksimalkan hingga memasuki awal musim hujan yang diperkirakan terjadi pada November mendatang.

Sementara itu, Kepala Stasiun Klimatologi Kelas I Sumsel Wandayantolis belum dapat memastikan apakah asap karhutla dari Sumsel mengarah ke provinsi tetangga.

“Belum tentu yang dari Sumsel, karena hotspot juga terpantau di Jambi dan Riau,” ucapnya.

Sumber: Sripoku.com

~J #Karhutla #Sumsel #Peristiwa",,,karhutla_kalimantan,True,True
Ddkfp_CTp8S,https://www.instagram.com/p/Ddkfp_CTp8S/,kompascom,"Banjir bandang atau galodo menerjang Kabupaten Solok, Sumatera Barat, Senin (21/9/2026) malam.

Rumah warga dan area perkantoran Pemerintah Kabupaten Solok turut terdampak banjir bandang. 

""Umumnya di dalam kantor bupati itu kini batu-batu berserakan di sana,"" ujar Bupati Solok Jon Firman Pandu, Senin.

Sejumlah alat berat diturunkan untuk membersihkan sisa-sisa material batu dan lumpur yang menutup akses jalan serta area perkantoran.

Berdasarkan data sementara pada Senin malam, tidak ada korban jiwa dalam kejadian ini.

🎥: IG @polressolokarosuka, @kabar_nagari 

Penulis: Rahmat Panji, Novita Rahmawati
Kreatif: Safira Nurulita
Produser: Reza Kurnia Darmawan

` #Solok #Banjir #Peristiwa",,,lainnya,True,True
DdlHq4GBycC,https://www.instagram.com/p/DdlHq4GBycC/,bnpb_indonesia,"Kepala BNPB Letjen TNI Dr. Suharyanto, S.Sos., M.M. menghadiri Rapat Evaluasi Penanganan Karhutla di Kalimantan Tengah.

Rapat koordinasi ini turut dihadiri Menteri Kehutanan, Kepala BMKG, serta jajaran Forkopimda Kalteng untuk memantau perkembangan penanganan di lapangan.

Dari hasil evaluasi, difokuskan pada penguatan personel dan pemaksimalan pemadaman oleh Satgas Darat sebagai garda terdepan menekan titik panas.

Selain itu, cara terbaik mengurangi asap adalah melalui hujan. Karena keterbatasan jarak pandang di wilayah Kalimantan Tengah, BNPB bersama Kementerian Kehutanan berupaya mengoptimalkan Operasi Modifikasi Cuaca (OMC) dari Bandara Syamsudin Noor dan Bandara Pangkalan Bun untuk mendukung kerja tim darat. 

#Karhutla #BNPBIndonesia #InfoBencanaBNPB",,,karhutla_kalimantan,True,True
DdjT7DgGqbo,https://www.instagram.com/p/DdjT7DgGqbo/,bnpb_indonesia,"BNPB bersama pemerintah daerah dan unsur terkait terus memperkuat penanganan kebakaran hutan dan lahan (karhutla) di sejumlah wilayah Sumatra dan Kalimantan. Upaya dilakukan secara terpadu melalui operasi udara, operasi darat, serta Operasi Modifikasi Cuaca (OMC) untuk mendukung pengendalian karhutla di wilayah prioritas.

Di Sumatera Selatan, Riau, dan Kalimantan Barat, OMC dilakukan untuk mendukung pertumbuhan hujan di sejumlah wilayah. Sementara itu, operasi udara dengan water bombing dan pemadaman darat terus dilaksanakan di Sumatera Selatan, Riau, Jambi, Kalimantan Selatan, Kalimantan Tengah, dan Kalimantan Barat. Penanganan dilakukan secara berkelanjutan dengan mengutamakan lokasi yang memerlukan penanganan intensif.

BNPB terus berkoordinasi dengan pemerintah daerah dan seluruh unsur terkait untuk memastikan penanganan karhutla berjalan efektif serta mendukung keselamatan masyarakat dan lingkungan.

#Karhutla #InfoBencanaBNPB #BNPBIndonesia",,,karhutla_kalimantan,True,True
Ddl0CT7GqPa,https://www.instagram.com/p/Ddl0CT7GqPa/,bnpb_indonesia,"Upaya penanganan kebakaran hutan dan lahan (karhutla) terus dilakukan di sejumlah wilayah Sumatra dan Kalimantan. Penanganan diperkuat melalui operasi udara, operasi darat, serta Operasi Modifikasi Cuaca (OMC) untuk mendukung pengendalian karhutla.

Di Sumatera Selatan, hujan dari pelaksanaan OMC membantu membasahi sejumlah wilayah, sementara pemadaman melalui udara dan darat terus dilakukan pada titik-titik karhutla. Di Riau dan Jambi, operasi water bombing turut mendukung upaya pengendalian api di sejumlah wilayah. Sementara itu, di Kalimantan Selatan dan Kalimantan Tengah, pemadaman dari udara dan darat dilakukan untuk mengendalikan titik-titik karhutla yang masih ditemukan.

Sedangkan di Kalimantan Barat, OMC kembali dilaksanakan untuk mendukung turunnya hujan di sejumlah wilayah, disertai pemadaman darat pada beberapa titik. Berbagai dukungan tersebut menjadi bagian dari upaya BNPB bersama unsur terkait dalam mengendalikan karhutla dan menjaga keselamatan masyarakat serta lingkungan.

#InfoBencanaBNPB #Karhutla #BNPBIndonesia",,,karhutla_kalimantan,True,True
DdiImSkhKsa,https://www.instagram.com/p/DdiImSkhKsa/,suharyanto_shr,"Seluruh kekuatan dari setiap lini telah bergerak penuh secara responsif untuk memadamkan kebakaran hutan dan lahan (karhutla), sekaligus memastikan keselamatan dan perlindungan bagi seluruh masyarakat Indonesia.

Luasnya wilayah terdampak, serta karakteristik kondisi lahan gambut yang kering dan mendalam, menjadi tantangan teknis tersendiri, yang sangat berat,  dalam proses penanganan karhutla di berbagai wilayah Indonesia. Sifat lahan gambut yang menyimpan bara di bawah permukaan tanah menuntut ketelitian dan daya tahan tinggi dari para petugas. 

Sejak Agustus 2026, sebanyak 64 armada pesawat helikopter dan pesawat taktis telah dimobilisasi secara intensif untuk melakukan operasi water bombing di titik-titik yang tidak bisa dijangkau oleh satgas darat. Perjuangan dari langit ini didukung kuat oleh kontribusi nyata dari 54.394 personel gabungan di lapangan. Tim yang terdiri dari BNPB, TNI, Polri, Manggala Agni, BPBD, Masyarakat Peduli Api, hingga relawan masyarakat ini terus bergerak dinamis menembus medan yang sulit, demi menjangkau pusat kebakaran dan mengisolasi titik api agar tidak semakin meluas.

Terimakasih untuk seluruh petugas  yang bekerja tak kenal lelah di lapangan. Dedikasi dan pengabdian kalian menjadi spirit untuk selalu melindungi seluruh masyarakat Indonesia.

Repost @sekretariat.kabinet 

#karhutla 
#kalimantan 
#SalamTangguh
#SalamKemanusiaan
#bnpbindonesia",,,karhutla_kalimantan,True,True
Ddh3f7REgXI,https://www.instagram.com/p/Ddh3f7REgXI/,kemenhut,"Bagaimana kondisi Karhutla kemarin?
Berikut situasi, respons, dan kondisi udara yang perlu kita ketahui di KARHUTLA 360. 

🛡️ RESPONS DI LAPANGAN
Tim gabungan terus melakukan penanganan Karhutla melalui pemadaman darat, water bombing, patroli udara, serta upaya pencegahan dan pengendalian di 6 wilayah prioritas (Kalimantan Barat, Kalimantan Tengah, Kalimantan Selatan, Kalimantan Timur, Sumatera Selatan, Riau, dan Jambi) 

Operasi melibatkan Manggala Agni Kemenhut bersama TNI, Polri, BNPB, BMKG, BPBD, masyarakat, dan para pihak. 

🚁 Operasi Udara
Sebanyak 64 unit armada udara dikerahkan untuk operasi water bombing penanganan karhutla di Sumatera dan Kalimantan. Armada terdiri dari helikopter patroli, pesawat Cassa OMC, dan helikopter water bombing yang bersumber dari Mabes TNI, Kementerian Kehutanan, dan disewa dari perusahaan swasta untuk memaksimalkan penanganan.

📡 PANTAUAN HOTSPOT
Berdasarkan data SiPongi yang bersumber dari satelit Terra/Aqua, SNPP, dan NOAA-20, pada 20 September 2026 pukul 23.59 WIB terdeteksi: 

🔴 1.532 hotspot — high confidence 

Catatan: hotspot merupakan indikasi titik panas dari penginderaan satelit dan tidak selalu berarti kebakaran. 

🌫️ KONDISI UDARA
Pantauan BMKG, zona Berbahaya / Sangat Tidak Sehat (Warna Merah/Hitam) terkonsentrasi di beberapa titik utama di Kalimantan Tengah (seperti Barito Selatan (Sanggu), Murung Raya, dan Gunung Mas) serta beberapa titik Kalimantan Barat (seperti Kota Pontianak). Zona tidak sehat hingga sangat tidak sehat (Warna Kuning/Merah) terlihat di beberapa titik wilayah bagian timur Sumatera (seperti Jambi dan Sumatera Selatan). Sebagian besar wilayah Indonesia dalam kondisi sedang dan baik.

🤝 APA YANG BISA KITA LAKUKAN?
Jangan membakar lahan.
Jika melihat asap atau indikasi kebakaran, gunakan masker jika beraktivitas di luar.
Info Posko Karhutla:
📞 021-5704618
📱 WhatsApp: +62 8131-00-35000
✉️ posko.karhutla@kehutanan.go.id 

KARHUTLA 360
Pantau Situasi. Ketahui Aksi. Lindungi Diri. 

@rajaantoni @masrohmatmarzuki 

#Karhutla360 #KitaIndonesia #ManggalaAgniKemenhut #InfoKarhutla #Kemenhut",,,karhutla_kalimantan,True,True
DdibmsfkWuw,https://www.instagram.com/p/DdibmsfkWuw/,kemenhut,"KABAR KARHUTLA MANGGALA AGNI KEMENHUT

🔥 Update: 21 September 2026.
Pantauan dari 6 Provinsi Siaga Karhutla melaporkan situasi dan kondisi di wilayah masing-masing pada pagi ini.

🌧️ Hasil Operasi Modifikasi Cuaca (OMC).
Upaya OMC atau hujan buatan terus diupayakan oleh tim gabungan BNPB, BMKG dan TNI AU

⚠️ Atensi Khusus & Antisipasi!
Kondisi kebakaran hutan dan lahan tetap menjadi perhatian serius. Pemantauan intensif di sejumlah wilayah terus berjalan dibarengi upaya penanganan dan pencegahan. Langkah ini diambil agar titik api tidak meluas dan dampak asap dapat diminimalkan.

🤝 Yuk, Bersama Jaga Lingkungan!
Mencegah karhutla adalah tugas kita bersama. Mari kita saling menjaga dan berkomitmen penuh untuk tidak melakukan pembakaran sama sekali demi kelestarian lingkungan kita.

🚨 Tindak Tegas Pelaku Pembakaran!
Jika kalian melihat atau mengetahui adanya individu maupun korporasi yang sengaja melakukan pembakaran lahan, segera laporkan ke aparat penegak hukum setempat serta pihak berwenang.

📞 Layanan Pengaduan Aktif!
Jika Anda melihat titik api, asap yang mencurigakan, atau tindakan pembakaran lahan, segera laporkan ke Posko Karhutla:
Telepon: 021-5704618
WhatsApp: +62 8131-00-35000
Email: posko.karhutla@kehutanan.go.id

Pantau Situasi. Ketahui Aksi. Lindungi Diri.

@rajaantoni 

#Kemenhut #Karhutla #ManggalaAgniKemenhut #CegahKarhutla",,,karhutla_kalimantan,True,True
Ddi6DHaGgFg,https://www.instagram.com/p/Ddi6DHaGgFg/,bnpb_indonesia,"Penanganan kebakaran hutan dan lahan (karhutla) terus dilakukan secara terpadu di sejumlah wilayah Sumatra dan Kalimantan. Operasi udara dan darat berjalan secara terpadu untuk menjangkau titik-titik karhutla sekaligus mencegah api meluas.

Satgas gabungan terus melakukan pemadaman pada sejumlah lokasi. Dukungan water bombing dikerahkan untuk membantu penanganan dari udara, sementara personel di darat melakukan pemadaman secara langsung serta penanganan pada area yang sulit dijangkau dari udara.

Upaya pengendalian juga diperkuat melalui Operasi Modifikasi Cuaca di Sumatera Selatan, Riau dan Kalimantan Barat untuk mendukung terbentuknya hujan di wilayah sasaran. Seluruh unsur terus berkoordinasi dan menyesuaikan penanganan berdasarkan kondisi di lapangan agar karhutla dapat dikendalikan secara berkelanjutan.

#InfoBencanaBNPB #Karhutla #BNPBIndonesia",,,karhutla_kalimantan,True,True
DdkclPwkhsG,https://www.instagram.com/p/DdkclPwkhsG/,kemenhut,"Bagaimana kondisi Karhutla kemarin?
Berikut situasi, respons, dan kondisi udara yang perlu kita ketahui di KARHUTLA 360. 

🛡️ RESPONS DI LAPANGAN
Tim gabungan terus melakukan penanganan Karhutla melalui pemadaman darat, water bombing, patroli udara, serta upaya pencegahan dan pengendalian di 6 wilayah prioritas (Kalimantan Barat, Kalimantan Tengah, Kalimantan Selatan, Kalimantan Timur, Sumatera Selatan, Riau, dan Jambi) 

Operasi melibatkan Manggala Agni Kemenhut bersama TNI, Polri, BNPB, BMKG, BPBD, masyarakat, dan para pihak. 

🚁 Operasi Udara
Sebanyak 64 unit armada udara dikerahkan untuk operasi water bombing penanganan karhutla di Sumatera dan Kalimantan. Armada terdiri dari helikopter patroli, pesawat Cassa OMC, dan helikopter water bombing yang bersumber dari Mabes TNI, Kementerian Kehutanan, dan disewa dari perusahaan swasta untuk memaksimalkan penanganan.

📡 PANTAUAN HOTSPOT
Berdasarkan data SiPongi yang bersumber dari satelit Terra/Aqua, SNPP, dan NOAA-20, pada 21 September 2026 pukul 21.10 WIB terdeteksi: 

🔴 688 hotspot — high confidence 

Catatan: hotspot merupakan indikasi titik panas dari penginderaan satelit dan tidak selalu berarti kebakaran. 

🌫️ KONDISI UDARA
Pantauan BMKG, kategori Berbahaya & Sangat Tidak Sehat (Merah, Hitam) terkonsentrasi di sebagian besar wilayah Kalimantan Barat (seperti Pontianak dan sekitarnya) serta Kalimantan Tengah (seperti Palangka Raya dan Sampit). Kategori Tidak Sehat (Kuning) meliputi beberapa wilayah di Kalimantan Selatan dan Kalimantan Timur. Di Sumatera, kategori Tidak Sehat hingga Sangat Tidak Sehat (Kuning hingga Merah) terlihat jelas di wilayah sekitar Jambi (Kota Jambi dan Muaro Jambi), Sumatera Selatan (seperti Palembang/Talang Betutu), serta beberapa titik di Riau dan Lampung. Sebagian besar wilayah Indonesia dalam kondisi sedang dan baik. 

🤝 APA YANG BISA KITA LAKUKAN?
Jangan membakar lahan.
Jika melihat asap atau indikasi kebakaran, gunakan masker jika beraktivitas di luar.
Info Posko Karhutla:
📞 021-5704618
📱 WhatsApp: +62 8131-00-35000
✉️ posko.karhutla@kehutanan.go.id 

KARHUTLA 360
Pantau Situasi. Ketahui Aksi. Lindungi Diri. 

@rajaantoni @masrohmatmarzuki 

#Karhutla360 #KitaIndonesia",,,karhutla_kalimantan,True,True
DdmC0d0P_lG,https://www.instagram.com/p/DdmC0d0P_lG/,bakom.ri,"Karhutla masih menjadi perhatian di sejumlah wilayah Indonesia. Pemerintah terus bergerak memperkuat pemantauan dan penanganan melalui operasi darat dan udara sesuai kondisi di lapangan.

Patroli udara, water bombing, hingga Operasi Modifikasi Cuaca (OMC) dilakukan untuk membantu memadamkan api, mencegah kebakaran meluas, dan mengantisipasi munculnya kembali titik api.

Pemantauan terbaru BMKG menunjukkan konsentrasi hotspot masih tinggi di sejumlah wilayah Sumatra dan Kalimantan. Karena itu, penanganan dan kesiapsiagaan terus diperkuat.

#BadanKomunikasiPemerintah",,,karhutla_kalimantan,True,True
DdnCDJvE-UY,https://www.instagram.com/p/DdnCDJvE-UY/,kemenhut,"Bagaimana kondisi Karhutla kemarin?
Berikut situasi, respons, dan kondisi udara yang perlu kita ketahui di KARHUTLA 360. 

🛡️ RESPONS DI LAPANGAN
Tim gabungan terus melakukan penanganan Karhutla melalui pemadaman darat, water bombing, patroli udara, serta upaya pencegahan dan pengendalian di 6 wilayah prioritas (Kalimantan Barat, Kalimantan Tengah, Kalimantan Selatan, Kalimantan Timur, Sumatera Selatan, Riau, dan Jambi) 

Operasi melibatkan Manggala Agni Kemenhut bersama TNI, Polri, BNPB, BMKG, BPBD, masyarakat, dan para pihak. 

🚁 Operasi Udara
Sebanyak 61 unit armada udara dikerahkan, yang terdiri dari 17 unit untuk patroli dan OMC,  44 unit untuk operasi water bombing. 55 unit untuk 6 provinsi prioritas Karhutla dan 6 unit untuk waterbombing diluar provinsi prioritas.

📡 PANTAUAN HOTSPOT
Berdasarkan data SiPongi yang bersumber dari satelit Terra/Aqua, SNPP, dan NOAA-20, pada 22 September 2026 pukul 21.20 WIB terdeteksi: 

🔴 932 hotspot — high confidence 

Catatan: hotspot merupakan indikasi titik panas dari penginderaan satelit dan tidak selalu berarti kebakaran. 

🌫️ KONDISI UDARA
Pantauan BMKG, kategori Berbahaya & Sangat Tidak Sehat (Merah, Hitam) masih terkonsentrasi di beberapa titik Kalimantan Barat dan Kalimantan Tengah. Kategori Tidak Sehat (Kuning) meliputi beberapa wilayah di Kalimantan Selatan dan Kalimantan Timur. Di Sumatera, mengalami penurunan kualitas udara cukup signifikan di wilayah Jambi dan Sumatera Selatan, tapi masih masuk ke kategori tidak sehat (kuning). Mayoritas kondisi udara di wilayah Indonesia dalam kondisi sedang dan baik (hijau dan biru). 

🤝 APA YANG BISA KITA LAKUKAN?
Jangan membakar lahan.
Jika melihat asap atau indikasi kebakaran, gunakan masker jika beraktivitas di luar.
Info Posko Karhutla:
📞 021-5704618
📱 WhatsApp: +62 8131-00-35000
✉️ posko.karhutla@kehutanan.go.id 

KARHUTLA 360
Pantau Situasi. Ketahui Aksi. Lindungi Diri. 

@rajaantoni @masrohmatmarzuki 

#Karhutla360 #KitaIndonesia #ManggalaAgniKemenhut #InfoKarhutla #Kemenhut",,,karhutla_kalimantan,True,True
DdnXwhBTwxS,https://www.instagram.com/p/DdnXwhBTwxS/,kemenhut,"🌳 FOREST UPDATE | Rabu, 23 September 2026 

Kementerian Kehutanan menyampaikan rasa prihatin dan empati kepada seluruh masyarakat yang masih terdampak kebakaran hutan dan lahan (karhutla) serta kabut asap di sejumlah wilayah Indonesia. 

Apresiasi dan ucapan terima kasih juga disampaikan kepada seluruh petugas karhutla Manggala Agni Kementerian Kehutanan, TNI, Polri, BNPB, BMKG, BPBD, pemerintah daerah, relawan, tenaga kesehatan, masyarakat, dunia usaha, dan seluruh pihak yang terus bekerja dalam pengendalian karhutla di tengah kondisi yang tidak mudah. 

📊 Kalimantan Tengah masih menjadi wilayah dengan jumlah hotspot tertinggi di antara enam provinsi prioritas. Pengendalian terus diperkuat melalui operasi darat dan udara, dengan tetap meningkatkan kewaspadaan di wilayah prioritas lainnya. 

🚒 Operasi pengendalian terus diperkuat.
Sebanyak 61 unit armada udara disiagakan untuk mendukung pengendalian karhutla secara nasional. Sebanyak 17 unit digunakan untuk patroli dan Operasi Modifikasi Cuaca (OMC), sementara 44 unit lainnya digunakan untuk water bombing. 

Pengoperasian armada udara disesuaikan dengan lokasi kebakaran, potensi awan, arah angin, kondisi asap, jarak pandang, serta keselamatan penerbangan.

🤎 Himbauan Masyarakat Terdampak.
Masyarakat di wilayah terdampak diimbau untuk terus mengikuti informasi kondisi udara dan arahan pemerintah daerah. Apabila kondisi udara memburuk, kurangi aktivitas di luar ruangan dan gunakan masker apabila harus beraktivitas di luar. 

Perhatian khusus perlu diberikan kepada anak-anak, ibu hamil, lansia, serta masyarakat dengan gangguan pernapasan atau penyakit kronis. 

🔥 Kementerian Kehutanan kembali mengingatkan masyarakat dan pelaku usaha untuk tidak membuka maupun membersihkan lahan dengan cara membakar. 

Jika menemukan asap, titik api, aktivitas pembakaran, atau satwa liar yang terdampak, segera laporkan kepada petugas agar dapat ditangani sedini mungkin. 

Pantau situasi. Ketahui aksi. Lindungi diri. 

#Kemenhut #Karhutla #ForestUpdate",,,karhutla_kalimantan,True,True
Ddl3xfaNkiO,https://www.instagram.com/p/Ddl3xfaNkiO/,metrotv,"Badan Nasional Penanggulangan Bencana (BNPB) mengerahkan tujuh unit armada udara guna mempercepat pengendalian kebakaran hutan dan lahan (karhutla) yang meluas di Provinsi Kalimantan Tengah.

Pengerahan armada water bombing tersebut disebar ke wilayah rawan, mencakup Kota Palangka Raya, Kabupaten Kotawaringin Timur (Sampit), dan Kabupaten Pulang Pisau.

Operasi pemadaman udara dikombinasikan dengan pergerakan Satuan Tugas (Satgas) Darat serta memanfaatkan prakiraan potensi curah hujan dalam beberapa hari ke depan demi memadamkan karhutla secara tuntas.

#PrimetimeNewsMetroTV #KarhutlaKalteng #WaterBombing #BNPB #HelikopterKamov #MetroTV",,,karhutla_kalimantan,True,True
Ddowp0Wowul,https://www.instagram.com/p/Ddowp0Wowul/,bnpb_indonesia,"Penanganan kebakaran hutan dan lahan (karhutla) berlangsung di Sumatera Selatan, Riau, Jambi, Kalimantan Selatan, Kalimantan Tengah, dan Kalimantan Barat melalui pemadaman dari udara maupun darat. OMC juga dilaksanakan di Sumatera Selatan, Riau, dan Kalimantan Selatan untuk mendukung turunnya hujan di sejumlah wilayah. Di Kalimantan Barat, dukungan water bombing turut melibatkan helikopter CH-47 Chinook dari Japan Ground Self-Defense Force (JGSDF).

Langkah penanganan diarahkan pada percepatan pemadaman di area terdampak sekaligus mencegah meluasnya kebakaran. BNPB bersama unsur terkait memastikan penanganan di lapangan berjalan terpadu untuk menjaga keselamatan masyarakat dan lingkungan.

#BNPBIndonesia #Karhutla #InfoBencanaBNPB",,,karhutla_kalimantan,True,True
DdqJqkfsVi8,https://www.instagram.com/p/DdqJqkfsVi8/,bnpb_indonesia,"Kepala BNPB Letjen TNI Dr. Suharyanto, S.Sos., M.M. memimpin Rapat Evaluasi Penanganan Karhutla di Kalimantan Selatan. 

​Penanganan kebakaran hutan dan lahan (karhutla) tidak bisa hanya mengandalkan helikopter water bombing maupun Operasi Modifikasi Cuaca (OMC). Satgas Darat tetap menjadi fokus utama dan garda terdepan untuk memastikan api benar-benar padam hingga ke dasar lahan. 

​Kepala BNPB Letjen TNI Dr. Suharyanto, S.Sos., M.M. menekankan pentingnya penguatan tim gabungan lintas unsur—mulai dari TNI, Polri, Manggala Agni, BPBD, relawan, hingga masyarakat. Setiap tim diperkuat 15 personel yang dibekali peralatan memadai untuk penetrasi ke titik-titik rawan. 

​#Karhutla #BNPBIndonesia #InfoBencanaBNPB",,,karhutla_kalimantan,True,True
Ddp7FfwBMvZ,https://www.instagram.com/p/Ddp7FfwBMvZ/,bnpb_indonesia,"Kepala BNPB Letjen TNI Dr. Suharyanto, S.Sos., M.M. memberikan arahan langsung terkait penguatan Satgas Darat dalam penanganan Karhutla di Kab. Kapuas, Kalimantan Tengah. 
 
​Satgas Darat menjadi penentu utama pemadaman api di lapangan. Kepala BNPB menginstruksikan pembentukan posko penanggulangan bencana guna memusatkan seluruh kegiatan dan memetakan titik-titik kebakaran secara jelas. 

​Setiap titik api akan diperkuat oleh gabungan personel TNI, Polri, BPBD, Manggala Agni, Masyarakat Peduli Api, serta relawan. Selain itu, daerah dipersilakan menginventarisasi dan mengajukan kebutuhan logistik maupun peralatan—seperti APD, selang, dan pompa air—sesuai kondisi riil di lapangan. 

​#Karhutla #BNPBIndonesia #InfoBencanaBNPB",,,karhutla_kalimantan,True,True
DdZE1AUP62H,https://www.instagram.com/p/DdZE1AUP62H/,bnpb_indonesia,"Sinergi tim gabungan BPBD dan Damkar Kota Palembang bergerak cepat menangani kebakaran lahan yang melanda 4 titik api di Kecamatan Sematang Borang, Rabu (16/9). Berawal dari laporan warga pukul 14.15 WIB di kawasan Jalan Takwa, perjuangan petugas bahkan berlanjut hingga malam hari. Petugas masih terus berjibaku menembus gelap dan tebalnya asap demi memastikan kobaran api benar-benar padam dan tidak meluas.

Sebagai bentuk pencegahan karhutla, masyarakat diimbau untuk tidak membakar sampah atau membuat api di area lahan terbuka. Mari kita lebih aktif dan peduli menjaga lingkungan sekitar, serta saling mengingatkan satu sama lain. Kepedulianmu, selamatkan lingkungan sekitar.

#Karhutla #BNPBIndonesia #InfoBencanaBNPB",,,karhutla_kalimantan,True,True
DdFufcHAZJ-,https://www.instagram.com/p/DdFufcHAZJ-/,bnpb_indonesia,"BNPB melakukan Operasi Modifikasi Cuaca (OMC) sebagai upaya percepatan pemadaman kebakaran hutan dan lahan (karhutla), serta menghalau sebaran abu vulkanik di udara. 

Langkah ini diambil guna memicu hujan buatan yang efektif memadamkan titik api, menjaga kelembapan tanah, dan meluruhkan material abu vulkanik dampak erupsi Gunung Anak Krakatau, agar tidak meluas ke wilayah baru serta meminimalisasi risiko Infeksi Saluran Pernapasan Akut (ISPA) dan gangguan jarak pandang.

Berdasarkan analisis situasi lapangan, dua strategi teknis dilaksanakan untuk mendapatkan hasil yang optimal. Strategi pertama adalah penyemaian awan untuk memicu terjadinya hujan buatan, sementara strategi kedua adalah penyemprotan menggunakan bahan kimia khusus untuk membasuh dan mengikat polutan debu vulkanik di udara agar menjadi berat lalu jatuh ke bumi.

OMC ini diharapkan dapat menekan potensi Karhutla sekaligus membersihkan kualitas udara secara terukur, sementara masyarakat diimbau untuk tetap tenang serta terus mematuhi petunjuk keselamatan dan penggunaan masker dari otoritas setempat.

#BNPBIndonesia
#BudayaSadarBencana
#SiapUntukSelamat",,,karhutla_kalimantan,True,True
Dda7tMhmtMc,https://www.instagram.com/p/Dda7tMhmtMc/,kemendespdt,"Bencana dapat terjadi kapan saja. Karena itu, desa perlu membangun ketangguhan melalui langkah pencegahan dan mitigasi, kesiapsiagaan, tanggap darurat, serta rehabilitasi dan rekonstruksi.

Sobat Desa kenali risikonya, siapkan warganya, dan bangkit bersama. Dengan desa yang siaga, masyarakat lebih terlindungi dalam menghadapi bencana.

#KemendesPDT
#BangunDesaBangunIndonesia
#DesaTangguh",,,umum,True,True
DdaKneJErES,https://www.instagram.com/p/DdaKneJErES/,kemenhut,,,,karhutla_kalimantan,True,True
Dc-64f_yYKv,https://www.instagram.com/p/Dc-64f_yYKv/,bnpb_indonesia,,,,umum,True,True
Ddbi8oZmrrd,https://www.instagram.com/p/Ddbi8oZmrrd/,bnpb_indonesia,,,,karhutla_kalimantan,True,True
Ddd6yn6k6Ft,https://www.instagram.com/p/Ddd6yn6k6Ft/,susiairofficial,,,,gempa_ntt,True,True
DdbWjg9PhPf,https://www.instagram.com/p/DdbWjg9PhPf/,bakom.ri,,,,karhutla_kalimantan,True,True
Ddcl0cLyXD1,https://www.instagram.com/p/Ddcl0cLyXD1/,kemenko_pmk,,,,umum,True,True
DdeMIZmmuYJ,https://www.instagram.com/p/DdeMIZmmuYJ/,bakom.ri,,,,karhutla_kalimantan,True,True
Ddcqg2IEqnc,https://www.instagram.com/p/Ddcqg2IEqnc/,kemenhut,,,,karhutla_kalimantan,True,True
DdefMIZJuvX,https://www.instagram.com/p/DdefMIZJuvX/,bnpb_indonesia,,,,karhutla_kalimantan,True,True
DdfRtfbksiN,https://www.instagram.com/p/DdfRtfbksiN/,kemenhut,,,,karhutla_kalimantan,True,True
DddKylLEUnn,https://www.instagram.com/p/DddKylLEUnn/,kemenhut,,,,karhutla_kalimantan,True,True
DdqVc9_RhNf,https://www.instagram.com/p/DdqVc9_RhNf/,inilah_com,"Kepala Badan Nasional Penanggulangan Bencana (BNPB), Suharyanto, melaporkan perkembangan terkini penanganan kebakaran hutan dan lahan (karhutla) kepada Presiden Prabowo Subianto. 

Meski sejumlah kawasan di Sumatra dan Kalimantan masih diselimuti kabut asap tebal, roda kehidupan serta aktivitas harian masyarakat dipastikan tetap bergerak.

-
Selengkapnya kunjungi website dengan klik link di bio atau download aplikasi di AppStore dan Google Play Store.

#BNPB #Karhutla #Kalteng #AktivitasWarga #inilahnews",,,karhutla_kalimantan,True,True
DdqAqCyTHLp,https://www.instagram.com/p/DdqAqCyTHLp/,jawaposkalteng,,,,karhutla_kalimantan,True,True
Ddp05jVMqAo,https://www.instagram.com/p/Ddp05jVMqAo/,kaltengpedia,"Presiden Prabowo Subianto memantau perkembangan penanganan kebakaran hutan dan lahan (karhutla) di sejumlah wilayah Kalimantan dan Sumatra.

Pemantauan dilakukan melalui rapat terbatas secara hybrid dari Istana Merdeka, Jakarta, Rabu (23/9/2026). Dalam rapat tersebut, Presiden meminta laporan terbaru mengenai kondisi karhutla, khususnya di Kalimantan Barat dan Kalimantan Tengah, serta perkembangan penanganan karhutla secara keseluruhan di Kalimantan dan Sumatra.

Sekretaris Kabinet Teddy Indra Wijaya menyampaikan bahwa Presiden ingin memperoleh laporan terkini dari Kepala BNPB mengenai kondisi kebakaran hutan dan lahan di sejumlah wilayah.

“Pada siang hari ini Bapak Presiden menginginkan laporan terkini dari Bapak Kepala BNPB terkait kondisi kebakaran hutan dan lahan di Kalimantan, khususnya Kalimantan Barat dan Kalimantan Tengah, serta Kalimantan secara keseluruhan, kemudian juga di Sumatra,” ujar Teddy.

Dalam rapat tersebut, Kepala Badan Nasional Penanggulangan Bencana (BNPB) Suharyanto kemudian menyampaikan perkembangan penanganan karhutla.

Dalam rapat tersebut, Kepala Badan Nasional Penanggulangan Bencana (BNPB) Suharyanto kemudian menyampaikan perkembangan penanganan karhutla.

Hingga Rabu sore, masih terdapat 209,78 hektare lahan yang dalam proses pemadaman oleh tim di lapangan.

“Kami laporkan saat ini per hari ini terdapat 209,78 hektare yang masih dipadamkan terus. Ini kami ikuti terus hari per hari sehingga kami upayakan setiap hari yang dipadamkan itu besar,” ungkap Suharyanto.

Selengkapnya www.kaltengpedia.com 

#Kaltengpedia #karhutlakalimantan #presidenprabowo #kalbar #kalteng",,,karhutla_kalimantan,True,True
DdoW60GM87D,https://www.instagram.com/p/DdoW60GM87D/,tedskyfriendsofficial,,,,karhutla_kalimantan,True,True
DdbowrsJl5F,https://www.instagram.com/p/DdbowrsJl5F/,mediajangkar,,,,umum,True,True
DdBwT5lJX9a,https://www.instagram.com/p/DdBwT5lJX9a/,birosuararakyat,,,,gempa_ntt,True,True
Dc-PTB9I-hr,https://www.instagram.com/p/Dc-PTB9I-hr/,ntvnews.id,,,,anggaran_kebijakan,True,True
DdqmbDpufyJ,https://www.instagram.com/p/DdqmbDpufyJ/,bnpb_indonesia,,,,karhutla_kalimantan,True,True
Ddplj6aEj2h,https://www.instagram.com/p/Ddplj6aEj2h/,kemenhut,,,,karhutla_kalimantan,True,True
DccVXPxEjEr,https://www.instagram.com/p/DccVXPxEjEr/,bnpb_indonesia,"KARHUTLA 360,

Tim gabungan terus bersiaga penuh menangani Kebakaran Hutan dan Lahan (Karhutla) di seluruh wilayah Indonesia.

Pemadaman darat dan udara (waterbombing) terus dilakukan oleh tim gabungan Manggala Agni Kemenhut, TNI, POLRI, BNPB, BMKG, BPBD, masyarakat dan para pihak. 

Pengerahan armada udara diperkuat dengan menyiagakan 30 unit helikopter di Kalimantan dan 22 unit helikopter di Sumatera untuk fungsi water bombing serta patroli udara.

📌 Poin Penting Hari Ini:

Dari data SiPongi, titik panas terdeteksi 419 titik (level hotspot high) 1.224 titik (level hotspot medium) tgl 24 Agustus 2026, Perjam 21.00 WIB. Wilayah perhatian titik panas di 6 Provinsi prioritas: Kalimantan Barat, Kalimantan Tengah, Kalimantan Selatan, Kalimantan Timur, Sumsel, Riau dan Jambi.

Pantauan BMKG, wilayah Kalimantan sudah mulai membaik dan bebas dari zona merah, namun kategori tidak sehat (Kuning) kini terpantau menyebar di Sumatra bagian tengah, Maluku, dan Papua. Mayoritas wilayah Indonesia berada di zona Baik (Hijau) dan Sedang (Biru). 

Metode Operasi Modifikasi Cuaca (OMC) atau hujan buatan pun terus diupayakan ketika terdapat titik awan yang memenuhi kondisi untuk dilakukan penyemaian guna mendukung upaya penanganan karhutla.

Mari Bersama Cegah Karhutla! Jangan membakar lahan.

Jika melihat titik api atau asap mencurigakan, segera lapor ke Posko Karhutla:
📞 021-5704618 / +62 8131-00-35000 (WA)
✉️ posko.karhutla@kehutanan.go.id

KARHUTLA 360
Pantau Situasi. Ketahui Aksi. Lindungi Diri.

#Karhutla360 #KitaIndonesia #ManggalaAgniKemenhut #InfoKarhutla #kemenhut",,,karhutla_kalimantan,True,True
Dcw2UMIks-S,https://www.instagram.com/p/Dcw2UMIks-S/,bnpb_indonesia,"KARHUTLA 360,

Bagaimana kondisi Karhutla kemarin?
Berikut situasi, respons, dan kondisi udara yang perlu kita ketahui. 

🛡️ RESPONS DI LAPANGAN
Tim gabungan terus melakukan penanganan Karhutla melalui pemadaman darat, water bombing, patroli udara, serta upaya pencegahan dan pengendalian di wilayah prioritas.

Operasi melibatkan Manggala Agni Kemenhut bersama TNI, Polri, BNPB, BMKG, BPBD, masyarakat, dan para pihak.

Sebanyak 53 unit armada udara dikerahkan, dengan 19 armada untuk patroli udara dan Operasi Modifikasi Cuaca (OMC), seerta 34 armada lainnya dikerahkan untuk waterbombing.

📡 PANTAUAN HOTSPOT
Berdasarkan data SiPongi yang bersumber dari satelit Terra/Aqua, SNPP, dan NOAA-20, pada 1 September 2026 pukul 21.25 WIB terdeteksi:

🔴 1.370 hotspot — high confidence

Wilayah yang menjadi perhatian meliputi Kalimantan Barat, Kalimantan Tengah, Kalimantan Selatan, Kalimantan Timur, Sumatera Selatan, Riau, dan Jambi.

Catatan: hotspot merupakan indikasi titik panas dari penginderaan satelit dan tidak selalu berarti kebakaran.

🌧️ OMC
Operasi Modifikasi Cuaca terus diupayakan pada wilayah dan waktu yang memenuhi kondisi meteorologis untuk mendukung penanganan Karhutla.

🌫️ KONDISI UDARA
Pantauan BMKG, zona merah (Sangat Tidak Sehat) kini telah mengecil dan menyusut ke wilayah perbatasan Kalimantan Barat dan Kalimantan Tengah, sementara zona kuning (Tidak Sehat) terpantau meluas di Sumatera bagian tengah, Kalimantan Utara/Timur, serta sedikit titik di Papua bagian selatan. Mayoritas wilayah Indonesia berada dalam kategori Baik (Hijau) hingga Sedang (Biru).

🤝 APA YANG BISA KITA LAKUKAN?
Jangan membakar lahan.
Jika melihat asap atau indikasi kebakaran, segera laporkan ke Posko Karhutla:
📞 021-5704618
📱 WhatsApp: +62 8131-00-35000
✉️ posko.karhutla@kehutanan.go.id

KARHUTLA 360
Pantau Situasi. Ketahui Aksi. Lindungi Diri.

@rajaantoni @masrohmatmarzuki

#Karhutla360 #KitaIndonesia #ManggalaAgniKemenhut #InfoKarhutla #kemenhut",,,karhutla_kalimantan,True,True
DcgBQKwNRT1,https://www.instagram.com/p/DcgBQKwNRT1/,bnpb_indonesia,"Dukungan logistik terus bergerak dari Pos Dukungan Logistik Nasional di Labuan Bajo, Kabupaten Manggarai Barat, menuju Ruteng dan Reo, Kabupaten Manggarai. Bantuan berupa tenda keluarga, tikar, matras/kasur lipat, dan selimut dikirim untuk memenuhi kebutuhan warga terdampak yang masih bertahan di pengungsian, sekaligus menghadirkan ruang tinggal yang lebih layak bagi mereka yang selama ini berada di tenda pengungsian besar.

Di saat yang sama, tim Kedeputian Bidang Rehabilitasi dan Rekonstruksi BNPB telah turun ke lapangan untuk mendata dan memverifikasi kerusakan rumah warga. Pendataan yang semakin cepat dan lengkap diharapkan dapat mempercepat pelaksanaan pembangunan hunian sementara, agar warga dapat segera memiliki tempat tinggal yang lebih aman dan nyaman.

#GempaNTT #BNPBIndonesia",,,gempa_ntt,True,True
Dcxrt-5mu5A,https://www.instagram.com/p/Dcxrt-5mu5A/,bnpb_indonesia,"Pemerintah segera menyiapkan hunian sementara (huntara) bagi warga terdampak gempa di NTT. Pembangunan dilakukan setelah BNPB bersama pemerintah daerah menyelesaikan pendataan dan verifikasi kerusakan rumah agar bantuan diberikan secara tepat.

Per 1 September 2026, sebanyak 97.215 rumah terdampak gempa masih dalam proses verifikasi. Semoga proses pemulihan berjalan lancar dan warga terdampak segera mendapatkan tempat tinggal yang aman dan layak.

#BadanKomunikasiPemerintah",,,gempa_ntt,True,True
Dc7k6XyvQdT,https://www.instagram.com/p/Dc7k6XyvQdT/,bnpb_indonesia,"Gunung Anak Krakatau ditetapkan berada pada status Level III atau Siaga. Pantau informasi resmi dari PVMBG/MAGMA Indonesia, BMKG, BPBD dan pemerintah daerah. Tetap tenang dan waspada. Stay safe!

#BadanKomunikasiPemerintah",,,erupsi,True,True
Dc75nRRMnnc,https://www.instagram.com/p/Dc75nRRMnnc/,bnpb_indonesia,"Pascaerupsi Gunung Anak Krakatau, BNPB terus memperkuat penanganan dan pemantauan di wilayah terdampak. Kepala BNPB Letjen TNI Dr. Suharyanto, S.Sos., M.M menyampaikan bahwa pihaknya telah berkomunikasi dengan BPBD kabupaten terdampak untuk memantau perkembangan kondisi di lapangan, dampak yang dirasakan masyarakat, hingga kebutuhan mendesak yang perlu segera dipenuhi.

Sebanyak 10 personel BNPB juga diterjunkan untuk memantau aktivitas Gunung Anak Krakatau sekaligus berkoordinasi dengan pemerintah daerah. Kesiapsiagaan daerah diperkuat melalui pengecekan prasarana dan perangkat evakuasi, seperti sirine, rambu evakuasi, serta ketersediaan gudang logistik. Di sisi lain, BNPB bersama BMKG melakukan OMC dan menyiapkan penyebaran water mist untuk membantu mengurai partikel abu vulkanik di udara.

Langkah penanganan terus dilakukan secara terpadu untuk memastikan keselamatan masyarakat di wilayah terdampak. 

#InfoBencanaBNPB #GunungAnakKrakatau #BNPBIndonesia",,,erupsi,True,True
Dc76k5JmuJt,https://www.instagram.com/p/Dc76k5JmuJt/,bnpb_indonesia,"Gunung Anak Krakatau kembali mengalami erupsi pada 4 September 2026 pukul 22.03 WIB. Saat ini, gunung berada pada Status Level III (Siaga) dan pemantauan aktivitas terus diperkuat oleh instansi terkait. 

Berdasarkan pemantauan InaTNT BMKG hingga 5 September 2026 pukul 10.30 WIB, tidak terdeteksi kenaikan muka air laut yang berkaitan dengan aktivitas erupsi.

Masyarakat diimbau untuk tetap tenang, tidak mempercayai informasi yang belum terverifikasi, serta mengikuti informasi dari kanal resmi. Demi keselamatan, masyarakat dan wisatawan juga diminta tidak mendekati Gunung Anak Krakatau dalam radius 3 km dari kawah aktif.

#BadanKomunikasiPemerintah",,,erupsi,True,True
Dc79mFMMRkC,https://www.instagram.com/p/Dc79mFMMRkC/,bnpb_indonesia,"BNPB bersama BMKG melaksanakan Operasi Modifikasi Cuaca (OMC) sebagai bagian dari upaya penanganan dampak abu vulkanik pascaerupsi Gunung Anak Krakatau yang melanda sejumlah wilayah, termasuk DKI Jakarta. Pelaksanaan OMC dilakukan dengan tetap memperhatikan kondisi cuaca, keselamatan penerbangan, serta aktivitas bandara yang tidak terdampak abu vulkanik.

Apabila tidak terdapat pertumbuhan awan hujan yang memungkinkan pelaksanaan OMC, BNPB menyiapkan alternatif penyebaran water mist untuk membantu mengurai partikel abu vulkanik di udara. Di sisi lain, dukungan penanganan terus diperkuat melalui pendistribusian kebutuhan logistik dasar dan masker bagi masyarakat di wilayah terdampak.

#InfoBencanaBNPB #GunungAnakKrakatau #BNPBIndonesia",,,erupsi,True,True
Dc8Fv6jxuMY,https://www.instagram.com/p/Dc8Fv6jxuMY/,bnpb_indonesia,"Minggu, 6 September 2026, Pemerintah menggelar Konfrensi Pers Update Situasi Terkini Pasca Erupsi Gunung Anak Krakatau bersama Kementerian/Lembaga terkait.

BNPB telah mengirimkan Tim Reaksi Cepat guna melakukan asesmen di lapangan, memastikan kesiapan peralatan dan logistik, melaksanakan Operasi Modifikasi Cuaca (OMC) dan melakukan koordinasi lintas sektor dalam menghadapi kondisi pasca erupsi Gunung Anak Krakatau.

Saya mengimbau masyarakat untuk menggunakan Alat Pelindung Diri (APD) seperti masker dan kaca mata pelindung saat beraktivitas di luar rumah, menutup penampungan air bersih dan makanan, agar tidak terpapar abu vulkanik serta mematuhi secara mutlak zona bahaya radius 3 Km dari kawah aktif Gunung Anak Krakatau.

Mari bersama-sama meningkatkan kesiapsiagaan demi keselamatan keluarga dan orang-orang terkasih.

#erupsianakkrakatau 
#gununganakkrakatau 
#SalamTangguh
#SalamKemanusiaan
#bnpbindonesia",,,erupsi,True,True
Dc8fn6-vaAC,https://www.instagram.com/p/Dc8fn6-vaAC/,bnpb_indonesia,"Pemerintah bergerak cepat menangani dampak abu vulkanik Gunung Anak Krakatau melalui Operasi Modifikasi Cuaca (OMC). Hujan diupayakan untuk membantu meluruhkan abu vulkanik yang berada di udara dan sekitar permukiman.

Jika kondisi awan tidak mendukung, metode water mist disiapkan untuk membantu mengurai partikel abu di udara. Langkah ini dilakukan untuk mendukung terciptanya kondisi lingkungan dan cuaca yang lebih baik bagi masyarakat.

#BadanKomunikasiPemerintah",,,erupsi,True,True
Dc-hUL1P2bV,https://www.instagram.com/p/Dc-hUL1P2bV/,bnpb_indonesia,"Gunung Anak Krakatau kembali mengalami erupsi sejak 4 September 2026. Aktivitas vulkanik ini disertai dentuman dan suara gemuruh, sementara sebaran abu vulkanik terpantau bergerak ke sejumlah wilayah, termasuk Banten, Lampung, DKI Jakarta, dan Jawa Barat.

Pemerintah memperkuat pemantauan dan kesiapsiagaan bersama BPBD, PVMBG, Basarnas, serta instansi terkait. Masyarakat, wisatawan, dan nelayan diminta tidak mendekati kawah aktif dalam radius 3 kilometer, serta menggunakan masker dan kacamata pelindung jika terdampak abu vulkanik. Tetap tenang, waspada, dan ikuti informasi resmi.

#BadanKomunikasiPemerintah",,,erupsi,True,True
DdBMGqnyJNH,https://www.instagram.com/p/DdBMGqnyJNH/,bnpb_indonesia,"Erupsi Gunung Anak Krakatau dapat menyebarkan abu vulkanik yang berdampak pada kesehatan. Kurangi aktivitas di luar rumah, dan jika harus keluar, gunakan masker serta kacamata pelindung. Jika abu mengenai mata atau kulit, jangan dikucek atau digaruk—segera bersihkan dengan air bersih. Bila iritasi memburuk, periksakan ke puskesmas.

Selain melindungi diri, pastikan informasi yang diterima tidak langsung disebarkan sebelum terverifikasi. Jadikan kanal resmi BNPB, PVMBG, dan BMKG sebagai rujukan. Tetap tenang, waspada, dan lindungi diri dari paparan abu vulkanik.

#BadanKomunikasiPemerintah",,,erupsi,True,True
DdBy9bUGk6T,https://www.instagram.com/p/DdBy9bUGk6T/,bnpb_indonesia,"Penanganan dan pemulihan pascagempa di NTT terus dilakukan. Bantuan logistik terus disalurkan, layanan kesehatan diperkuat, serta listrik, komunikasi, air bersih, dan akses jalan terus dipulihkan untuk memenuhi kebutuhan masyarakat terdampak.

Di tengah proses pemulihan, kegiatan belajar anak-anak juga kembali berjalan dan sebagian warga mulai kembali ke rumah. Pemerintah bersama berbagai pihak terus memastikan masyarakat mendapatkan bantuan dan pendampingan hingga kondisi kembali pulih. Semoga masyarakat NTT segera bangkit dan kembali beraktivitas dengan aman. 

#BadanKomunikasiPemerintah",,,gempa_ntt,True,True
DdB2RgSH62P,https://www.instagram.com/p/DdB2RgSH62P/,bnpb_indonesia,"Sahabat Transparansi ✨ ✨ 

𝗪𝗮𝘀𝗽𝗮𝗱𝗮 𝗔𝗯𝘂 𝗩𝘂𝗹𝗸𝗮𝗻𝗶𝗸, 𝗞𝗲𝗻𝗮𝗹𝗶 𝗜𝗻𝗳𝗼𝗿𝗺𝗮𝘀𝗶𝗻𝘆𝗮

Dalam situasi kebencanaan, informasi yang dapat mengancam hajat hidup orang banyak dan ketertiban umum wajib diumumkan secara serta-merta.

Komisi Informasi Pusat hadir mendorong keterbukaan informasi, sekaligus mengajak masyarakat aktif mencari, memeriksa, dan mengikuti pembaruan dari sumber resmi.

🌋 Kenali informasinya. Pastikan sumbernya.

🎥 Simak informasi selengkapnya pada grafis berikut.",,,erupsi,True,True
DdHLXrYGACk,https://www.instagram.com/p/DdHLXrYGACk/,bnpb_indonesia,"Sejak awal kejadian gempa Flores pada 15 Agustus 2026, dilakukan kolaborasi multipihak untuk melakukan aerial damage assessment menggunakan drone. Tim dari @bnpb_indonesia @perb_bnpb @sar_nasional @mercy.apdi.id @apdi.id @pusgeosau.official @synersiafoundation turun langsung ke lokasi untuk melakukan akuisisi data.

Proses yang juga didukung oleh @brin_indonesia @infogeospasial @kementerianesdm @indonesiamappingcommunity @reasuransi_maipark_indonesia @adaptasibencana.id @garuda_academia @dorangadget @lifeat_umn dan ITB ini telah melakukan akuisisi data dari sekitar 45 titik terdampak. Dan sudah ada 8 peta yang di layout.

Kami berharap dengan adanya peta-peta ini dapat mendukung proses penanggulangan bencana di Indonesia dengan lebih baik. Jika ada daerah lain yang terdampak dan perlu dipetakan, mohon tulis di kolom komentar.

Terima kasih",,,gempa_ntt,True,True
DdHOQ-5mnmK,https://www.instagram.com/p/DdHOQ-5mnmK/,bnpb_indonesia,"Aktivitas Gunung Anak Krakatau masih berada pada Level III (Siaga). Meski aktivitas vulkanik menunjukkan tren penurunan, BNPB bersama BPBD Lampung Selatan tetap melakukan pemantauan serta mengecek kesiapan jalur evakuasi, titik kumpul, sirene peringatan dini tsunami, dan Desa Tangguh Bencana.

Masyarakat diimbau tetap waspada, tidak beraktivitas dalam radius 3 km dari pusat aktivitas gunung, menggunakan masker jika terdampak abu vulkanik, serta mengikuti arahan BPBD dan informasi resmi pemerintah.

#BadanKomunikasiPemerintah",,,erupsi,True,True
DdIDS2yPu4a,https://www.instagram.com/p/DdIDS2yPu4a/,bnpb_indonesia,"Badan Nasional Penanggulangan Bencana (BNPB) menyampaikan perkembangan terbaru aktivitas Gunung Anak Krakatau pada Kamis (10/9). Berdasarkan analisis citra satelit hingga pukul 13.00 WIB, sebaran abu vulkanik Gunung Anak Krakatau sudah tidak terdeteksi.

Meski demikian, aktivitas Gunung Anak Krakatau masih berada pada Level III atau Siaga. Masyarakat, wisatawan, maupun pendaki tetap diminta untuk tidak melakukan aktivitas dalam radius 3 kilometer dari kawah aktif serta mengikuti perkembangan melalui informasi resmi dan dapat dipertanggungjawabkan.

#BadanKomunikasiPemerintah",,,erupsi,True,True
DdYMOJsPxLz,https://www.instagram.com/p/DdYMOJsPxLz/,bnpb_indonesia,"Keterangan Pers Klarifikasi Data Korban Meninggal Dunia Gempa M7,7 di Nusa Tenggara Timur oleh Plt Kepala Pusat Data Informasi dan Komunikasi Kebencanaan BNPB Berton SP Panjaitan, Ph.D, Kamis (17/9).

#GempaNTT #BNPBIndonesia",,,gempa_ntt,True,True
DcvLnQNAWhA,https://www.instagram.com/p/DcvLnQNAWhA/,bnpb_indonesia,"Saat bencana terjadi, kolaborasi seluruh pihak menjadi kekuatan penting dalam penanganannya. Merespon peristiwa kebakaran hutan dan lahan (karhutla) di sejumlah wilayah, Kementerian Lingkungan Hidup membentuk 95 tim Masyarakat Peduli Api (MPA) yang tersebar di enam provinsi prioritas dengan melibatkan 1.425 personel. MPA menjadi bagian dari kolaborasi multipihak untuk memperkuat patroli, pencegahan, pemadaman, hingga penanganan karhutla secara terpadu.

Peran tersebut diperkuat dengan dukungan sarana prasarana, mulai dari pompa punggung, selang pemadam, alat pemadam manual, baju keselamatan, sepatu boots hingga peralatan regu. Dengan bekal ini, MPA bersama pemerintah daerah dapat bergerak lebih cepat dan kuat dalam menangani karhutla di wilayahnya.

#InfoBencanaBNPB #Karhutla #BNPBIndonesia #SiapUntukSelamat #BudayaSadarBencana",,,umum,True,True
DdFoj92GYsA,https://www.instagram.com/p/DdFoj92GYsA/,bnpb_indonesia,"Bencana bisa datang kapan saja. Karena itu, kesiapsiagaan perlu dimulai sejak sekarang.

Salah satu langkah sederhana yang bisa kita lakukan adalah menyiapkan Tas Siaga Bencana berisi kebutuhan penting yang mudah dibawa saat evakuasi. Simpan di tempat yang mudah dijangkau agar siap dibawa ketika keadaan darurat terjadi.

Siap sebelum bencana, lebih tenang saat menghadapi keadaan darurat.

#KemenkoPMK #SiapUntukSelamat #TasSiagaBencana #KesiapsiagaanBencana",,,umum,True,True
DdU7RF6TLD8,https://www.instagram.com/p/DdU7RF6TLD8/,bnpb_indonesia,"Menghadapi potensi kekeringan, BNPB menyiapkan sejumlah langkah untuk menjaga ketersediaan air, mulai dari Operasi Modifikasi Cuaca (OMC), pengisian embung dan waduk, hingga pembangunan sumur dalam di sejumlah daerah.

Masyarakat diimbau menggunakan air secara bijak dan memprioritaskan kebutuhan penting. Pemda juga diminta menyiapkan mobil tangki dan tandon air di wilayah krisis agar distribusi air merata.

#BadanKomunikasiPemerintah",,,lainnya,True,True
DdWG04EBKtd,https://www.instagram.com/p/DdWG04EBKtd/,bnpb_indonesia,"Kamis, 10 September 2026, Saya mendampingi Wakil Presiden Republik Indonesia, Gibran Rakabuming Raka @gibran_rakabuming , meninjau  Posko Karhutla di Jalan Tegal Arum, kawasan Guntung Damar, Kecamatan Landasan Ulin, Kota Banjarbaru, Kalimantan Selatan.

Peninjauan ini bertujuan memastikan penguatan komitmen pemerintah dalam penanggulangan kebakaran hutan dan lahan (karhutla) berjalan cepat, responsif, dan terintegrasi lintas sektor.

Guna menghentikan penyebaran titik api, pemerintah memperkuat sinergi lintas sektor dengan mengoptimalkan peran Satgas Darat sebagai garda terdepan di lapangan, mulai dari pengerahan personel gabungan TNI, Polri, BPBD, Manggala Agni, Masyarakat Peduli Api hingga para relawan yang melakukan penyekatan api, pembasahan lahan gambut, dan patroli intensif di zona rawan. 

Pemerintah dan seluruh unsur relawan memprioritaskan keselamatan masyarakat sebagai hukum tertinggi serta menjaga stabilitas lingkungan dan ekonomi wilayah terdampak demi mewujudkan Indonesia yang tangguh bencana dan bebas asap.

#karhutla
#kalimantanselatan 
#SalamTangguh
#SalamKemanusiaan
#bnpbindonesia",,,umum,True,True
